<?xml version="1.0"?>
<project>
 <pomVersion>3</pomVersion>
 <name>SAT</name>
 <id>sat</id>
 <currentVersion>0.7</currentVersion>
 <organization>
  <name>CafeBabe</name>
  <url>http://www.cafebabe.net/</url>
 </organization>
 <inceptionYear>2002</inceptionYear>
 <package>net.cafebabe.sat</package>
 
 <shortDescription>
  Set of Ant tasks
 </shortDescription>

 <description>
  SAT is a collection of Ant tasks dedicated to XML management (merge,
  split, transform), Beanshell (a task to interpret Beanshell
  scripts), and other strange tasks (such an Ant accelerator, which is
  able to run your builds 10 times faster!).
 </description>
 
 <url>http://www.cafebabe.net/html/sat.en.html</url>
 <issueTrackingUrl/>
 <siteAddress>www.cafebabe.net</siteAddress>
 <siteDirectory/>
 <distributionDirectory>
  http://www.cafebabe.net/arc/
 </distributionDirectory>
 
 <repository>
  <connection>
   scm:cvs:local:ignored:/Users/cvs:sat
  </connection>
  <url>
   http://keskonrix.in-fusio.com/viewcvs/viewcvs.cgi/logserver/
  </url>
 </repository>

 <versions>
  <version>
   <id>latest</id>
   <name>0.7</name>
   <tag>RELEASE-0-7</tag>
  </version>
 </versions>

 <developers>

  <developer>
   <name>Michel Casabianca</name>
   <id>casa</id>
   <email>michel.casabianca@cafebabe.net</email>
   <organization>CafeBabe</organization>
  </developer>

 </developers>

 <dependencies>

  <dependency>
   <id>ant</id>
   <version>1.5.3-1</version>
   <url>http://ant.apache.org/</url>
  </dependency>

  <dependency>
   <id>bsh</id>
   <version>1.2b7</version>
   <url>http://www.beanshell.org/</url>
  </dependency>

  <dependency>
   <id>crimson</id>
   <version>1.1.3</version>
   <url>http://xml.apache.org/crimson/</url>
  </dependency>

  <dependency>
   <id>xt</id>
   <version>20020426a</version>
   <url>http://www.blnz.com/xt/index.html</url>
  </dependency>

 </dependencies>

 <build>

  <nagEmailAddress>
   michel.casabianca@cafebabe.net
  </nagEmailAddress>

  <sourceDirectory>${basedir}/src</sourceDirectory>

  <unitTestSourceDirectory>${basedir}/test</unitTestSourceDirectory>

  <integrationUnitTestSourceDirectory/>
  
  <aspectSourceDirectory/>
  
  <unitTest>
   <includes>
    <include>**/*.java</include>
   </includes>
  </unitTest>
              
  <resources/>
  
  <integrationUnitTest/>
  
  <jars/>

 </build>

 <!--
 <reports>
  <report>
   maven-checkstyle-plugin
  </report>
  <report>
   maven-clover-plugin
  </report>
  <report>
   maven-javadoc-plugin
  </report>
  <report>
   maven-ashkelon-plugin
  </report>
  <report>
   maven-changelog-plugin
  </report>
  <report>
   maven-changes-plugin
  </report>
  <report>
   maven-developer-activity-plugin
  </report>
  <report>
   maven-file-activity-plugin
  </report>
  <report>
   maven-jdepend-plugin
  </report>
  <report>
   maven-junit-report-plugin
  </report>
  <report>
   maven-jxr-plugin
  </report>
  <report>
   maven-license-plugin
  </report>
  <report>
   maven-linkcheck-plugin
  </report>
  <report>
   maven-pmd-plugin
  </report>
  <report>
   maven-statcvs-plugin
  </report>
  <report>
   maven-tasklist-plugin
  </report>
 </reports>
 -->

</project>
