<?xml version="1.0" encoding="iso-8859-1"?>

<document>
  <properties>
    <title>Changes</title>
    <author email="casa@sweetohm.net">Michel Casabianca</author>
  </properties>
  <body>
  
    <release version="0.8" date="2003-07-13">
      <action dev="casa" type="add">
        Ant console (to run builds from a console, supercedes server mode).
      </action>
      <action dev="casa" type="fix">
        Package for tasks is now net.cafebabe.sat.
      </action>
      <action dev="casa" type="add">
        Scripts to launch the console and server.
      </action>
    </release>

    <release version="0.7" date="2002-11-11">
      <action dev="casa" type="add">
        New Server task to boost builds.
      </action>
      <action dev="casa" type="add">
        New XML Nest task.
      </action>
      <action dev="casa" type="add">
        New XML Word Count task.
      </action>
      <action dev="casa" type="fix">
        Debug on XTask task (to run in server mode).
      </action>
      <action dev="casa" type="fix">
        Encoding management improved for the Merge task.
      </action>
      <action dev="casa" type="fix">
        Updated for Ant 1.5.1.
      </action>
    </release>

  </body>
</document>

